INSTALL.md
LICENSE.txt
MANIFEST.in
README.md
UPDATE.md
setup.cfg
setup.py
souschef/160widthSR-Logo-Screen-PurpleGreen-HI-RGB1.jpg
souschef/__init__.py
souschef/dataexec.py
souschef/dataload.py
souschef/manage.py
souschef.egg-info/PKG-INFO
souschef.egg-info/SOURCES.txt
souschef.egg-info/dependency_links.txt
souschef.egg-info/requires.txt
souschef.egg-info/top_level.txt
souschef/billing/__init__.py
souschef/billing/admin.py
souschef/billing/apps.py
souschef/billing/factories.py
souschef/billing/models.py
souschef/billing/tests.py
souschef/billing/urls.py
souschef/billing/views.py
souschef/billing/migrations/0001_initial.py
souschef/billing/migrations/0002_auto_20161122_0458.py
souschef/billing/migrations/0003_auto_20161122_0515.py
souschef/billing/migrations/0004_auto_20201030_1540.py
souschef/billing/migrations/__init__.py
souschef/billing/templates/base_billing.html
souschef/billing/templates/billing/add.html
souschef/billing/templates/billing/billing_confirm_delete.html
souschef/billing/templates/billing/list.html
souschef/billing/templates/billing/print_summary.html
souschef/billing/templates/billing/view.html
souschef/billing/templates/billing/view_orders.html
souschef/billing/templates/billing/partials/statistics.html
souschef/billing/templates/billing/partials/summary.html
souschef/configsamples/nginx.conf
souschef/configsamples/souschef.service
souschef/cronscripts/souschef_daily.sh
souschef/datamigration/__init__.py
souschef/datamigration/admin.py
souschef/datamigration/apps.py
souschef/datamigration/models.py
souschef/datamigration/tests.py
souschef/datamigration/views.py
souschef/datamigration/management/__init__.py
souschef/datamigration/management/commands/__init__.py
souschef/datamigration/management/commands/importaddresses.py
souschef/datamigration/management/commands/importclients.py
souschef/datamigration/management/commands/importcontactaddresses.py
souschef/datamigration/management/commands/importmeals.py
souschef/datamigration/management/commands/importorders.py
souschef/datamigration/management/commands/importrelationships.py
souschef/datamigration/migrations/__init__.py
souschef/delivery/__init__.py
souschef/delivery/admin.py
souschef/delivery/apps.py
souschef/delivery/filters.py
souschef/delivery/forms.py
souschef/delivery/models.py
souschef/delivery/tests.py
souschef/delivery/tsp.py
souschef/delivery/urls.py
souschef/delivery/views.py
souschef/delivery/migrations/0001_fix004a.py
souschef/delivery/migrations/__init__.py
souschef/delivery/templates/edit_delivery_of_today.html
souschef/delivery/templates/ingredients.html
souschef/delivery/templates/kitchen_count.html
souschef/delivery/templates/kitchen_count_steps.html
souschef/delivery/templates/review_orders.html
souschef/delivery/templates/route_sheet.html
souschef/delivery/templates/routes.html
souschef/delivery/templates/partials/generated_orders.html
souschef/frontend/images/bg1.jpg
souschef/frontend/images/jenny.jpg
souschef/frontend/images/joe.jpg
souschef/frontend/images/katrina.jpg
souschef/meal/__init__.py
souschef/meal/admin.py
souschef/meal/apps.py
souschef/meal/factories.py
souschef/meal/models.py
souschef/meal/settings.py
souschef/meal/tests.py
souschef/meal/urls.py
souschef/meal/views.py
souschef/meal/migrations/0001_fix161f.py
souschef/meal/migrations/0002_ingredient_ingredient_group.py
souschef/meal/migrations/0003_fix224a.py
souschef/meal/migrations/0004_fix004d.py
souschef/meal/migrations/0005_fix241b.py
souschef/meal/migrations/0006_auto_20160826_0007.py
souschef/meal/migrations/0007_auto_20170313_1442.py
souschef/meal/migrations/0008_auto_20180704_1613.py
souschef/meal/migrations/__init__.py
souschef/member/__init__.py
souschef/member/admin.py
souschef/member/apps.py
souschef/member/factories.py
souschef/member/forms.py
souschef/member/formsets.py
souschef/member/formsfield.py
souschef/member/models.py
souschef/member/tests.py
souschef/member/urls.py
souschef/member/views.py
souschef/member/management/__init__.py
souschef/member/management/commands/__init__.py
souschef/member/management/commands/createclients.py
souschef/member/management/commands/createnotes.py
souschef/member/management/commands/processscheduledstatuschange.py
souschef/member/migrations/0001_fix161f.py
souschef/member/migrations/0002_auto_20160605_1609.py
souschef/member/migrations/0003_auto_20160615_2100.py
souschef/member/migrations/0004_fix004a.py
souschef/member/migrations/0005_fix004a.py
souschef/member/migrations/0006_client_meal_default_week.py
souschef/member/migrations/0007_auto_20160726_1703.py
souschef/member/migrations/0008_auto_20160727_2251.py
souschef/member/migrations/0009_auto_20160728_1443.py
souschef/member/migrations/0010_auto_20160803_2052.py
souschef/member/migrations/0011_client_delivery_note.py
souschef/member/migrations/0012_clientscheduledstatus.py
souschef/member/migrations/0013_auto_20160820_2322.py
souschef/member/migrations/0014_auto_20160826_0007.py
souschef/member/migrations/0015_route_client_id_sequence.py
souschef/member/migrations/0016_auto_20160912_1509.py
souschef/member/migrations/0017_auto_20161020_2039.py
souschef/member/migrations/0018_auto_20161110_2352.py
souschef/member/migrations/0019_auto_20161111_1750.py
souschef/member/migrations/0020_auto_20161122_0458.py
souschef/member/migrations/0021_auto_20161125_2055.py
souschef/member/migrations/0022_auto_20161215_1936.py
souschef/member/migrations/0023_auto_20161220_1401.py
souschef/member/migrations/0024_auto_20161227_1819.py
souschef/member/migrations/0025_route_vehicle.py
souschef/member/migrations/0026_change_to_emergency_contacts.py
souschef/member/migrations/0027_auto_20170313_1442.py
souschef/member/migrations/0028_change_linked_scheduled_status_relationship.py
souschef/member/migrations/0029_member_address_fk_to_1to1.py
souschef/member/migrations/0030_route_deliveryhistory.py
souschef/member/migrations/0031_client_option_allow_reverse_relation.py
souschef/member/migrations/0032_relationship.py
souschef/member/migrations/0033_auto_20170801_1607.py
souschef/member/migrations/0034_auto_20170816_0850.py
souschef/member/migrations/0035_auto_20210115_1155.py
souschef/member/migrations/0036_member_addresses.py
souschef/member/migrations/0037_one_address_per_member.py
souschef/member/migrations/0038_member_verbose_names.py
souschef/member/migrations/__init__.py
souschef/member/signals/__init__.py
souschef/member/signals/handlers.py
souschef/member/templates/client/base.html
souschef/member/templates/client/list.html
souschef/member/templates/client/create/form.html
souschef/member/templates/client/create/steps.html
souschef/member/templates/client/partials/birthdays.html
souschef/member/templates/client/partials/filters.html
souschef/member/templates/client/partials/menu.html
souschef/member/templates/client/partials/order_list.html
souschef/member/templates/client/partials/forms/address_information.html
souschef/member/templates/client/partials/forms/basic_information.html
souschef/member/templates/client/partials/forms/dietary_restriction.html
souschef/member/templates/client/partials/forms/meal_defaults.html
souschef/member/templates/client/partials/forms/payment_information.html
souschef/member/templates/client/partials/forms/relationship_form.html
souschef/member/templates/client/partials/forms/relationships.html
souschef/member/templates/client/update/base.html
souschef/member/templates/client/update/status.html
souschef/member/templates/client/update/step.html
souschef/member/templates/client/update/steps.html
souschef/member/templates/client/view/address.html
souschef/member/templates/client/view/allergies.html
souschef/member/templates/client/view/delete_status_confirmation.html
souschef/member/templates/client/view/information.html
souschef/member/templates/client/view/notes.html
souschef/member/templates/client/view/orders.html
souschef/member/templates/client/view/payment.html
souschef/member/templates/client/view/referent.html
souschef/member/templates/client/view/status.html
souschef/member/templates/client/view/summary.html
souschef/member/templates/route/delivered_route_detail.html
souschef/member/templates/route/delivery_history_detail.html
souschef/member/templates/route/detail.html
souschef/member/templates/route/edit.html
souschef/member/templates/route/list.html
souschef/note/__init__.py
souschef/note/admin.py
souschef/note/apps.py
souschef/note/factories.py
souschef/note/forms.py
souschef/note/models.py
souschef/note/tests.py
souschef/note/urls.py
souschef/note/views.py
souschef/note/migrations/0001_initial.py
souschef/note/migrations/0002_auto_20160818_2104.py
souschef/note/migrations/0003_auto_20160819_2037.py
souschef/note/migrations/0004_notepriority.py
souschef/note/migrations/0005_note_priority_old_data_migration.py
souschef/note/migrations/0006_change_priority_field.py
souschef/note/migrations/0007_notecategory.py
souschef/note/migrations/0008_auto_20170116_1441.py
souschef/note/migrations/0009_auto_20170116_1543.py
souschef/note/migrations/0010_auto_20170313_1442.py
souschef/note/migrations/0011_auto_20170419_1109.py
souschef/note/migrations/__init__.py
souschef/note/templates/notes_add.html
souschef/note/templates/notes_client_list.html
souschef/note/templates/notes_list.html
souschef/notification/__init__.py
souschef/notification/admin.py
souschef/notification/apps.py
souschef/notification/models.py
souschef/notification/tests.py
souschef/notification/urls.py
souschef/notification/views.py
souschef/notification/migrations/0001_fix161f.py
souschef/notification/migrations/__init__.py
souschef/order/__init__.py
souschef/order/admin.py
souschef/order/apps.py
souschef/order/factories.py
souschef/order/forms.py
souschef/order/mixins.py
souschef/order/models.py
souschef/order/tests.py
souschef/order/urls.py
souschef/order/views.py
souschef/order/management/__init__.py
souschef/order/management/commands/__init__.py
souschef/order/management/commands/createorders.py
souschef/order/management/commands/generateorders.py
souschef/order/management/commands/setordersdelivered.py
souschef/order/migrations/0001_fix161f.py
souschef/order/migrations/0002_auto_20160614_1736.py
souschef/order/migrations/0003_auto_20160615_1504.py
souschef/order/migrations/0004_fix004a.py
souschef/order/migrations/0005_fix241b.py
souschef/order/migrations/0006_auto_20160803_2217.py
souschef/order/migrations/0007_remove_order_item_component.py
souschef/order/migrations/0008_auto_20160912_1509.py
souschef/order/migrations/0009_auto_20161012_1919.py
souschef/order/migrations/0010_auto_20161012_1921.py
souschef/order/migrations/0011_auto_20161014_1901.py
souschef/order/migrations/0012_auto_20161122_0458.py
souschef/order/migrations/0013_orderstatuschange.py
souschef/order/migrations/0014_auto_20161209_2045.py
souschef/order/migrations/0015_auto_20170410_1029.py
souschef/order/migrations/0016_auto_20180704_1613.py
souschef/order/migrations/__init__.py
souschef/order/templates/_form.html
souschef/order/templates/_order_info.html
souschef/order/templates/base_order.html
souschef/order/templates/create.html
souschef/order/templates/list.html
souschef/order/templates/order_confirm_delete.html
souschef/order/templates/order_update_status.html
souschef/order/templates/update.html
souschef/order/templates/view.html
souschef/order/templates/order/create_batch.html
souschef/order/templates/order/partials/filters.html
souschef/page/__init__.py
souschef/page/admin.py
souschef/page/apps.py
souschef/page/models.py
souschef/page/tests.py
souschef/page/urls.py
souschef/page/views.py
souschef/page/migrations/__init__.py
souschef/page/templates/pages/card.html
souschef/page/templates/pages/home.html
souschef/page/templates/registration/login.html
souschef/pycrons/__init__.py
souschef/pycrons/cleaning.py
souschef/sous_chef/__init__.py
souschef/sous_chef/context_processors.py
souschef/sous_chef/rules.py
souschef/sous_chef/settings.py
souschef/sous_chef/settings_test.py
souschef/sous_chef/settings_test_fr.py
souschef/sous_chef/tests.py
souschef/sous_chef/urls.py
souschef/sous_chef/wsgi.py
souschef/sous_chef/assets/css/main.min.css
souschef/sous_chef/assets/fonts/brand-icons.eot
souschef/sous_chef/assets/fonts/brand-icons.svg
souschef/sous_chef/assets/fonts/brand-icons.ttf
souschef/sous_chef/assets/fonts/brand-icons.woff
souschef/sous_chef/assets/fonts/brand-icons.woff2
souschef/sous_chef/assets/fonts/icons.eot
souschef/sous_chef/assets/fonts/icons.otf
souschef/sous_chef/assets/fonts/icons.svg
souschef/sous_chef/assets/fonts/icons.ttf
souschef/sous_chef/assets/fonts/icons.woff
souschef/sous_chef/assets/fonts/icons.woff2
souschef/sous_chef/assets/fonts/outline-icons.eot
souschef/sous_chef/assets/fonts/outline-icons.svg
souschef/sous_chef/assets/fonts/outline-icons.ttf
souschef/sous_chef/assets/fonts/outline-icons.woff
souschef/sous_chef/assets/fonts/outline-icons.woff2
souschef/sous_chef/assets/images/bg1.jpg
souschef/sous_chef/assets/images/demo.png
souschef/sous_chef/assets/images/favicon.png
souschef/sous_chef/assets/images/flags.png
souschef/sous_chef/assets/images/geocoder.png
souschef/sous_chef/assets/images/glyph-marker-icon.png
souschef/sous_chef/assets/images/glyph-marker-icon.svg
souschef/sous_chef/assets/images/jenny.jpg
souschef/sous_chef/assets/images/joe.jpg
souschef/sous_chef/assets/images/katrina.jpg
souschef/sous_chef/assets/images/leaflet.routing.icons.png
souschef/sous_chef/assets/images/leaflet.routing.icons.svg
souschef/sous_chef/assets/images/logo-souschef-coul.png
souschef/sous_chef/assets/images/logo-souschef-nb.png
souschef/sous_chef/assets/images/logo.png
souschef/sous_chef/assets/images/markers-matte.png
souschef/sous_chef/assets/images/markers-matte@2x.png
souschef/sous_chef/assets/images/markers-plain.png
souschef/sous_chef/assets/images/markers-shadow.png
souschef/sous_chef/assets/images/markers-shadow@2x.png
souschef/sous_chef/assets/images/markers-soft.png
souschef/sous_chef/assets/images/markers-soft@2x.png
souschef/sous_chef/assets/images/routing-icon.png
souschef/sous_chef/assets/images/throbber.gif
souschef/sous_chef/assets/js/leaflet.js
souschef/sous_chef/assets/js/leaflet.min.js
souschef/sous_chef/assets/js/multidatespicker.js
souschef/sous_chef/assets/js/multidatespicker.min.js
souschef/sous_chef/assets/js/sous-chef.js
souschef/sous_chef/assets/js/sous-chef.min.js
souschef/sous_chef/formats/__init__.py
souschef/sous_chef/formats/en/__init__.py
souschef/sous_chef/formats/en/formats.py
souschef/sous_chef/formats/fr/__init__.py
souschef/sous_chef/formats/fr/formats.py
souschef/sous_chef/management/__init__.py
souschef/sous_chef/management/commands/__init__.py
souschef/sous_chef/management/commands/makemessages.py
souschef/sous_chef/templates/404.html
souschef/sous_chef/templates/base.html
souschef/sous_chef/templates/splash.html
souschef/sous_chef/templates/avatar/change.html
souschef/sous_chef/templates/avatar/confirm_delete.html
souschef/sous_chef/templates/dashboard/statistics.html
souschef/sous_chef/templates/system/_button_export.html
souschef/sous_chef/templates/system/breadcrumb.html
souschef/sous_chef/templates/system/menu.html
souschef/sous_chef/templatetags/__init__.py
souschef/sous_chef/templatetags/sous_chef_extras.py